---
title: MySQL 视图
date: 2020-04-27 18:21:41
tags: [MySQL]
categories: [MySQL]
---


# 视图是什么
MySQL 视图（View）是一种虚拟存在的表，同真实表一样，视图也由列和行构成，但视图并不实际存在于数据库中。行和列的数据来自于定义视图的查询中所使用的表，并且还是在使用视图时动态生成的。

数据库中只存放了视图的定义，并没有存放视图中的数据，这些数据都存放在定义视图查询所引用的真实表中。使用视图查询数据时，数据库会从真实表中取出对应的数据。因此，视图中的数据是依赖于真实表中的数据的。一旦真实表中的数据发生改变，显示在视图中的数据也会发生改变。

视图可以从原有的表上选取对用户有用的信息，那些对用户没用，或者用户没有权限了解的信息，都可以直接屏蔽掉，作用类似于筛选。这样做既使应用简单化，也保证了系统的安全。

例如，数据库中有一张公司部门表`department`和一张员工表`worker`。
```sql
mysql> DESC department;
+----------+-------------+------+-----+---------+-------+
| Field    | Type        | Null | Key | Default | Extra |
+----------+-------------+------+-----+---------+-------+
| d_id     | int(4)      | NO   | PRI | NULL    |       |
| d_name   | varchar(20) | NO   | UNI | NULL    |       |
| function | varchar(50) | YES  |     | NULL    |       |
| address  | varchar(50) | YES  |     | NULL    |       |
+----------+-------------+------+-----+---------+-------+
4 rows in set (0.02 sec)
```
```sql
mysql> DESC worker;
+-------------+-------------+------+-----+---------+-------+
| Field       | Type        | Null | Key | Default | Extra |
+-------------+-------------+------+-----+---------+-------+
| num         | int(10)     | NO   | PRI | NULL    |       |
| d_id        | int(4)      | YES  |MUL  | NULL    |       |
| name        | varchar(20) | NO   |     | NULL    |       |
| sex         | varchar(4)  | NO   |     | NULL    |       |
| birthday    | datetime    | YES  |     | NULL    |       |
| homeaddress | varchar(50) | YES  |     | NULL    |       |
+-------------+-------------+------+-----+---------+-------+
6 rows in set (0.01 sec)
```
由于各部门领导的权力范围不同，因此，各部门的领导只能看到该部门的员工信息；而且，领导可能不关心员工的生日和家庭住址。为了达到这个目的，可以为各部门的领导建立一个视图，通过该视图，领导只能看到本部门员工的指定信息。

例如，为生产部门建立一个名为`product _view`的视图。通过视图`product_ view`，生产部门的领导只能看到生产部门员工的工作号、姓名和性别等信息。这些`department`表的信息和`worker`表的信息依然存在于各自的表中，而视图`product_view`中不保存任何数据信息。当`department`表和`worker`表的信息发生改变时，视图`product_view`显示的信息也会发生相应的变化。

技巧：如果经常需要从多个表查询指定字段的数据，可以在这些表上建立一个视图，通过这个视图显示这些字段的数据。

MySQL 的视图不支持输入参数的功能，因此交互性上还有欠缺。但对于变化不是很大的操作，使用视图可以很大程度上简化用户的操作。

视图并不同于数据表，它们的区别在于以下几点：
* 视图不是数据库中真实的表，而是一张虚拟表，其结构和数据是建立在对数据中真实表的查询基础上的。
* 存储在数据库中的查询操作 SQL 语句定义了视图的内容，列数据和行数据来自于视图查询所引用的实际表，引用视图时动态生成这些数据。
* 视图没有实际的物理记录，不是以数据集的形式存储在数据库中的，它所对应的数据实际上是存储在视图所引用的真实表中的。
* 视图是数据的窗口，而表是内容。表是实际数据的存放单位，而视图只是以不同的显示方式展示数据，其数据来源还是实际表。
* 视图是查看数据表的一种方法，可以查询数据表中某些字段构成的数据，只是一些 SQL 语句的集合。从安全的角度来看，视图的数据安全性更高，使用视图的用户不接触数据表，不知道表结构。
* 视图的建立和删除只影响视图本身，不影响对应的基本表。

## 视图的优点
视图与表在本质上虽然不相同，但视图经过定义以后，结构形式和表一样，可以进行查询、修改、更新和删除等操作。同时，视图具有如下优点：
1. 定制用户数据，聚焦特定的数据
在实际的应用过程中，不同的用户可能对不同的数据有不同的要求。
例如，当数据库同时存在时，如学生基本信息表、课程表和教师信息表等多种表同时存在时，可以根据需求让不同的用户使用各自的数据。学生查看修改自己基本信息的视图，安排课程人员查看修改课程表和教师信息的视图，教师查看学生信息和课程信息表的视图。
2. 简化数据操作
在使用查询时，很多时候要使用聚合函数，同时还要显示其他字段的信息，可能还需要关联到其他表，语句可能会很长，如果这个动作频繁发生的话，可以创建视图来简化操作。
3. 提高数据的安全性
视图是虚拟的，物理上是不存在的。可以只授予用户视图的权限，而不具体指定使用表的权限，来保护基础数据的安全。
4. 共享所需数据
通过使用视图，每个用户不必都定义和存储自己所需的数据，可以共享数据库中的数据，同样的数据只需要存储一次。
5. 更改数据格式
通过使用视图，可以重新格式化检索出的数据，并组织输出到其他应用程序中。
6. 重用 SQL 语句
视图提供的是对查询操作的封装，本身不包含数据，所呈现的数据是根据视图定义从基础表中检索出来的，如果基础表的数据新增或删除，视图呈现的也是更新后的数据。视图定义后，编写完所需的查询，可以方便地重用该视图。
 
要注意区别视图和数据表的本质，即视图是基于真实表的一张虚拟的表，其数据来源均建立在真实表的基础上。
 
使用视图的时候，还应该注意以下几点：
* 创建视图需要足够的访问权限。
* 创建视图的数目没有限制。
* 视图可以嵌套，即从其他视图中检索数据的查询来创建视图。
* 视图不能索引，也不能有关联的触发器、默认值或规则。
* 视图可以和表一起使用。
* 视图不包含数据，所以每次使用视图时，都必须执行查询中所需的任何一个检索操作。如果用多个连接和过滤条件创建了复杂的视图或嵌套了视图，可能会发现系统运行性能下降得十分严重。因此，在部署大量视图应用时，应该进行系统测试。

# 创建视图
创建视图是指在已经存在的 MySQL 数据库表上建立视图。视图可以建立在一张表中，也可以建立在多张表中。
## 基本语法
可以使用`CREATE VIEW`语句来创建视图。
```sql
CREATE VIEW <视图名> AS <SELECT语句>
```
语法说明：
* <视图名>：指定视图的名称。该名称在数据库中必须是唯一的，不能与其他表或视图同名。
* `<SELECT语句>`：指定创建视图的`SELECT`语句，可用于查询多个基础表或源视图。

对于创建视图中的`SELECT`语句的指定存在以下限制：
* 用户除了拥有`CREATE VIEW`权限外，还具有操作中涉及的基础表和其他视图的相关权限。
* `SELECT`语句不能引用系统或用户变量。
* `SELECT`语句不能包含`FROM`子句中的子查询。
* `SELECT`语句不能引用预处理语句参数。

视图定义中引用的表或视图必须存在。但是，创建完视图后，可以删除定义引用的表或视图。可使用`CHECK TABLE`语句检查视图定义是否存在这类问题。

视图定义中允许使用`ORDER BY`语句，但是若从特定视图进行选择，而该视图使用了自己的`ORDER BY`语句，则视图定义中的`ORDER BY`将被忽略。

视图定义中不能引用`TEMPORARY`表（临时表），不能创建`TEMPORARY`视图。

`WITH CHECK OPTION`的意思是，修改视图时，检查插入的数据是否符合`WHERE`设置的条件。
## 创建基于单表的视图
MySQL 可以在单个数据表上创建视图。
```sql
mysql> SELECT * FROM tb_students_info;
+----+--------+---------+------+------+--------+------------+
| id | name   | dept_id | age  | sex  | height | login_date |
+----+--------+---------+------+------+--------+------------+
|  1 | Dany   |       1 |   25 | F    |    160 | 2015-09-10 |
|  2 | Green  |       3 |   23 | F    |    158 | 2016-10-22 |
|  3 | Henry  |       2 |   23 | M    |    185 | 2015-05-31 |
|  4 | Jane   |       1 |   22 | F    |    162 | 2016-12-20 |
|  5 | Jim    |       1 |   24 | M    |    175 | 2016-01-15 |
|  6 | John   |       2 |   21 | M    |    172 | 2015-11-11 |
|  7 | Lily   |       6 |   22 | F    |    165 | 2016-02-26 |
|  8 | Susan  |       4 |   23 | F    |    170 | 2015-10-01 |
|  9 | Thomas |       3 |   22 | M    |    178 | 2016-06-07 |
| 10 | Tom    |       4 |   23 | M    |    165 | 2016-08-05 |
+----+--------+---------+------+------+--------+------------+
10 rows in set (0.00 sec)
```
在`tb_students_info`表上创建一个名为`view_students_info`的视图。
```sql
mysql> CREATE VIEW view_students_info AS SELECT * FROM tb_students_info;
Query OK, 0 rows affected (0.00 sec)
mysql> SELECT * FROM view_students_info;
+----+--------+---------+------+------+--------+------------+
| id | name   | dept_id | age  | sex  | height | login_date |
+----+--------+---------+------+------+--------+------------+
|  1 | Dany   |       1 |   25 | F    |    160 | 2015-09-10 |
|  2 | Green  |       3 |   23 | F    |    158 | 2016-10-22 |
|  3 | Henry  |       2 |   23 | M    |    185 | 2015-05-31 |
|  4 | Jane   |       1 |   22 | F    |    162 | 2016-12-20 |
|  5 | Jim    |       1 |   24 | M    |    175 | 2016-01-15 |
|  6 | John   |       2 |   21 | M    |    172 | 2015-11-11 |
|  7 | Lily   |       6 |   22 | F    |    165 | 2016-02-26 |
|  8 | Susan  |       4 |   23 | F    |    170 | 2015-10-01 |
|  9 | Thomas |       3 |   22 | M    |    178 | 2016-06-07 |
| 10 | Tom    |       4 |   23 | M    |    165 | 2016-08-05 |
+----+--------+---------+------+------+--------+------------+
10 rows in set (0.04 sec)
```
默认情况下，创建的视图和基本表的字段是一样的，也可以通过指定视图字段的名称来创建视图。
```sql
mysql> CREATE VIEW v_students_info
    -> (s_id,s_name,d_id,s_age,s_sex,s_height,s_date)
    -> AS SELECT id,name,dept_id,age,sex,height,login_date
    -> FROM tb_students_info;
Query OK, 0 rows affected (0.06 sec)
mysql> SELECT * FROM v_students_info;
+------+--------+------+-------+-------+----------+------------+
| s_id | s_name | d_id | s_age | s_sex | s_height | s_date     |
+------+--------+------+-------+-------+----------+------------+
|    1 | Dany   |    1 |    24 | F     |      160 | 2015-09-10 |
|    2 | Green  |    3 |    23 | F     |      158 | 2016-10-22 |
|    3 | Henry  |    2 |    23 | M     |      185 | 2015-05-31 |
|    4 | Jane   |    1 |    22 | F     |      162 | 2016-12-20 |
|    5 | Jim    |    1 |    24 | M     |      175 | 2016-01-15 |
|    6 | John   |    2 |    21 | M     |      172 | 2015-11-11 |
|    7 | Lily   |    6 |    22 | F     |      165 | 2016-02-26 |
|    8 | Susan  |    4 |    23 | F     |      170 | 2015-10-01 |
|    9 | Thomas |    3 |    22 | M     |      178 | 2016-06-07 |
|   10 | Tom    |    4 |    23 | M     |      165 | 2016-08-05 |
+------+--------+------+-------+-------+----------+------------+
10 rows in set (0.01 sec)
```
可以看到，`view_students_info`和`v_students_info`两个视图中的字段名称不同，但是数据却相同。因此，在使用视图时，可能用户不需要了解基本表的结构，更接触不到实际表中的数据，从而保证了数据库的安全。
## 创建基于多表的视图
MySQL 中也可以在两个以上的表中创建视图，使用`CREATE VIEW`语句创建。

在表`tb_student_info`和表`tb_departments`上创建视图`v_students_info`。
```sql
mysql> CREATE VIEW v_students_info
    -> (s_id,s_name,d_id,s_age,s_sex,s_height,s_date)
    -> AS SELECT id,name,dept_id,age,sex,height,login_date
    -> FROM tb_students_info;
Query OK, 0 rows affected (0.06 sec)
mysql> SELECT * FROM v_students_info;
+------+--------+------+-------+-------+----------+------------+
| s_id | s_name | d_id | s_age | s_sex | s_height | s_date     |
+------+--------+------+-------+-------+----------+------------+
|    1 | Dany   |    1 |    24 | F     |      160 | 2015-09-10 |
|    2 | Green  |    3 |    23 | F     |      158 | 2016-10-22 |
|    3 | Henry  |    2 |    23 | M     |      185 | 2015-05-31 |
|    4 | Jane   |    1 |    22 | F     |      162 | 2016-12-20 |
|    5 | Jim    |    1 |    24 | M     |      175 | 2016-01-15 |
|    6 | John   |    2 |    21 | M     |      172 | 2015-11-11 |
|    7 | Lily   |    6 |    22 | F     |      165 | 2016-02-26 |
|    8 | Susan  |    4 |    23 | F     |      170 | 2015-10-01 |
|    9 | Thomas |    3 |    22 | M     |      178 | 2016-06-07 |
|   10 | Tom    |    4 |    23 | M     |      165 | 2016-08-05 |
+------+--------+------+-------+-------+----------+------------+
10 rows in set (0.01 sec)
```
通过这个视图可以很好地保护基本表中的数据。视图中包含`s_id、s_name`和`dept_name，s_id`字段对应`tb_students_info`表中的`id`字段，`s_name`字段对应`tb_students_info`表中的`name`字段，`dept_name`字段对应`tb_departments`表中的`dept_name`字段。
# 查看视图
创建好视图后，可以通过查看视图的语句来查看视图的字段信息以及详细信息。
## 查看视图的字段信息
查看视图的字段信息与查看数据表的字段信息一样，都是使用`DESCRIBE`关键字来查看的。
```
DESCRIBE 视图名;
```
或简写成：
```
DESC 视图名;
```
创建学生信息表`studentinfo`的一个视图，用于查询学生姓名和考试分数。
```sql
mysql> CREATE TABLE studentinfo(
    -> ID INT(11) PRIMARY KEY,
    -> NAME VARCHAR(20),
    -> SCORE DECIMAL(4,2),
    -> SUBJECT VARCHAR(20),
    -> TEACHER VARCHAR(20));
Query OK, 0 rows affected (0.10 sec)
```
```sql
mysql> CREATE VIEW v_studentinfo AS SELECT name,score FROM studentinfo;
Query OK, 0 rows affected (0.04 sec)
```
```sql
mysql> DESCRIBE v_studentinfo;
+-------+--------------+------+-----+---------+-------+
| Field | Type         | Null | Key | Default | Extra |
+-------+--------------+------+-----+---------+-------+
| name  | varchar(20)  | YES  |     | NULL    |       |
| score | decimal(4,2) | YES  |     | NULL    |       |
+-------+--------------+------+-----+---------+-------+
2 rows in set (0.01 sec)
```
注意：使用`DESC`的执行结果和使用`DESCRIBE`是一样的。

由运行结果可以看出，查看视图的字段内容与查看表的字段内容显示的格式是相同的。因此，更能说明视图实际上也是一张数据表了，不同的是，视图中的数据都来自于数据库中已经存在的表。
## 查看视图的详细信息
在 MySQL 中，`SHOW CREATE VIEW`语句可以查看视图的详细定义。
```sql
SHOW CREATE VIEW 视图名;
```
通过上面的语句，还可以查看创建视图的语句。创建视图的语句可以作为修改或者重新创建视图的参考，方便用户操作。
```sql
mysql>  SHOW CREATE VIEW v_studentinfo \G
*************************** 1. row ***************************
                View: v_studentinfo
         Create View: CREATE ALGORITHM=UNDEFINED DEFINER=`root`@`localhost` SQL SECURITY DEFINER VIEW `v_studentinfo` AS select `studentinfo`.`NAME` AS `name`,`studentinfo`.`SCORE` AS `score` from `studentinfo`
character_set_client: gbk
collation_connection: gbk_chinese_ci
1 row in set (0.00 sec)
```
上述 SQL 语句以`\G`结尾，这样能使显示结果格式化。如果不使用`\G`，显示的结果会比较混乱，如下所示：
```sql
mysql> DESCRIBE v_studentinfo;
+-------+--------------+------+-----+---------+-------+
| Field | Type         | Null | Key | Default | Extra |
+-------+--------------+------+-----+---------+-------+
| name  | varchar(20)  | YES  |     | NULL    |       |
| score | decimal(4,2) | YES  |     | NULL    |       |
+-------+--------------+------+-----+---------+-------+
2 rows in set (0.01 sec)

mysql>  SHOW CREATE VIEW v_studentinfo;
+---------------+----------------------------------------------------------------------------------------------------------------------------------------------------------------------------------------------+----------------------+----------------------+
| View          | Create View                                                                                                                                                                                  | character_set_client | collation_connection |
+---------------+----------------------------------------------------------------------------------------------------------------------------------------------------------------------------------------------+----------------------+----------------------+
| v_studentinfo | CREATE ALGORITHM=UNDEFINED DEFINER=`root`@`localhost` SQL SECURITY DEFINER VIEW `v_studentinfo` AS select `studentinfo`.`NAME` AS `name`,`studentinfo`.`SCORE` AS `score` from `studentinfo` | gbk                  | gbk_chinese_ci       |
+---------------+----------------------------------------------------------------------------------------------------------------------------------------------------------------------------------------------+----------------------+----------------------+
1 row in set (0.01 sec)
```

所有视图的定义都是存储在`information_schema`数据库下的`views`表中，也可以在这个表中查看所有视图的详细信息：
```sql
SELECT * FROM information_schema.views;
```
不过，通常情况下都是使用`SHOW CREATE VIEW`语句。
# 修改视图
修改视图是指修改 MySQL 数据库中存在的视图，当基本表的某些字段发生变化时，可以通过修改视图来保持与基本表的一致性。
## 基本语法
可以使用`ALTER VIEW`语句来对已有的视图进行修改。
```sql
ALTER VIEW <视图名> AS <SELECT语句>
```
语法说明：
* <视图名>：指定视图的名称。该名称在数据库中必须是唯一的，不能与其他表或视图同名。
* `<SELECT 语句>`：指定创建视图的`SELECT`语句，可用于查询多个基础表或源视图。

需要注意的是，对于`ALTER VIEW`语句的使用，需要用户具有针对视图的`CREATE VIEW`和`DROP`权限，以及由`SELECT`语句选择的每一列上的某些权限。

修改视图的定义，除了可以通过`ALTER VIEW`外，也可以使用`DROP VIEW`语句先删除视图，再使用`CREATE VIEW`语句来实现。
## 修改视图内容
视图是一个虚拟表，实际的数据来自于基本表，所以通过插入、修改和删除操作更新视图中的数据，实质上是在更新视图所引用的基本表的数据。

> 注意：对视图的修改就是对基本表的修改，因此在修改时，要满足基本表的数据定义。

某些视图是可更新的。也就是说，可以使用`UPDATE、DELETE`或`INSERT`等语句更新基本表的内容。对于可更新的视图，视图中的行和基本表的行之间必须具有一对一的关系。

还有一些特定的其他结构，这些结构会使得视图不可更新。更具体地讲，如果视图包含以下结构中的任何一种，它就是不可更新的：
* 聚合函数`SUM()、MIN()、MAX()、COUNT()`等。
* `DISTINCT`关键字。
* `GROUP BY`子句。
* `HAVING`子句。
* `UNION`或`UNION ALL`运算符。
* 位于选择列表中的子查询。
* `FROM`子句中的不可更新视图或包含多个表。
* `WHERE`子句中的子查询，引用`FROM`子句中的表。
* `ALGORITHM`选项为`TEMPTABLE`（使用临时表总会使视图成为不可更新的）的时候。

使用`ALTER`语句修改视图`view_students_info`。
```sql
mysql> ALTER VIEW view_students_info
    -> AS SELECT id,name,age
    -> FROM tb_students_info;
Query OK, 0 rows affected (0.07 sec)
mysql> DESC view_students_info;
+-------+-------------+------+-----+---------+-------+
| Field | Type        | Null | Key | Default | Extra |
+-------+-------------+------+-----+---------+-------+
| id    | int(11)     | NO   |     | 0       |       |
| name  | varchar(45) | YES  |     | NULL    |       |
| age   | int(11)     | YES  |     | NULL    |       |
+-------+-------------+------+-----+---------+-------+
3 rows in set (0.03 sec)
```
用户可以通过视图来插入、更新、删除表中的数据，因为视图是一个虚拟的表，没有数据。通过视图更新时转到基本表上进行更新，如果对视图增加或删除记录，实际上是对基本表增加或删除记录。

查看视图`view_students_info`的数据内容。
```sql
mysql> SELECT * FROM view_students_info;
+----+--------+------+
| id | name   | age  |
+----+--------+------+
|  1 | Dany   |   24 |
|  2 | Green  |   23 |
|  3 | Henry  |   23 |
|  4 | Jane   |   22 |
|  5 | Jim    |   24 |
|  6 | John   |   21 |
|  7 | Lily   |   22 |
|  8 | Susan  |   23 |
|  9 | Thomas |   22 |
| 10 | Tom    |   23 |
+----+--------+------+
10 rows in set (0.00 sec)
```
使用`UPDATE`语句更新视图`view_students_info`。
```sql
mysql> UPDATE view_students_info
    -> SET age=25 WHERE id=1;
Query OK, 0 rows affected (0.24 sec)
Rows matched: 1  Changed: 0  Warnings: 0
mysql> SELECT * FROM view_students_info;
+----+--------+------+
| id | name   | age  |
+----+--------+------+
|  1 | Dany   |   25 |
|  2 | Green  |   23 |
|  3 | Henry  |   23 |
|  4 | Jane   |   22 |
|  5 | Jim    |   24 |
|  6 | John   |   21 |
|  7 | Lily   |   22 |
|  8 | Susan  |   23 |
|  9 | Thomas |   22 |
| 10 | Tom    |   23 |
+----+--------+------+
10 rows in set (0.00 sec)
```
查看基本表`tb_students_info`和视图`v_students_info`的内容。
```sql
mysql> SELECT * FROM tb_students_info;
+----+--------+---------+------+------+--------+------------+
| id | name   | dept_id | age  | sex  | height | login_date |
+----+--------+---------+------+------+--------+------------+
|  1 | Dany   |       1 |   25 | F    |    160 | 2015-09-10 |
|  2 | Green  |       3 |   23 | F    |    158 | 2016-10-22 |
|  3 | Henry  |       2 |   23 | M    |    185 | 2015-05-31 |
|  4 | Jane   |       1 |   22 | F    |    162 | 2016-12-20 |
|  5 | Jim    |       1 |   24 | M    |    175 | 2016-01-15 |
|  6 | John   |       2 |   21 | M    |    172 | 2015-11-11 |
|  7 | Lily   |       6 |   22 | F    |    165 | 2016-02-26 |
|  8 | Susan  |       4 |   23 | F    |    170 | 2015-10-01 |
|  9 | Thomas |       3 |   22 | M    |    178 | 2016-06-07 |
| 10 | Tom    |       4 |   23 | M    |    165 | 2016-08-05 |
+----+--------+---------+------+------+--------+------------+
10 rows in set (0.00 sec)

mysql> SELECT * FROM v_students_info;
+------+--------+------+-------+-------+----------+------------+
| s_id | s_name | d_id | s_age | s_sex | s_height | s_date     |
+------+--------+------+-------+-------+----------+------------+
|    1 | Dany   |    1 |    25 | F     |      160 | 2015-09-10 |
|    2 | Green  |    3 |    23 | F     |      158 | 2016-10-22 |
|    3 | Henry  |    2 |    23 | M     |      185 | 2015-05-31 |
|    4 | Jane   |    1 |    22 | F     |      162 | 2016-12-20 |
|    5 | Jim    |    1 |    24 | M     |      175 | 2016-01-15 |
|    6 | John   |    2 |    21 | M     |      172 | 2015-11-11 |
|    7 | Lily   |    6 |    22 | F     |      165 | 2016-02-26 |
|    8 | Susan  |    4 |    23 | F     |      170 | 2015-10-01 |
|    9 | Thomas |    3 |    22 | M     |      178 | 2016-06-07 |
|   10 | Tom    |    4 |    23 | M     |      165 | 2016-08-05 |
+------+--------+------+-------+-------+----------+------------+
10 rows in set (0.00 sec)
```
## 修改视图名称
修改视图的名称可以先将视图删除，然后按照相同的定义语句进行视图的创建，并命名为新的视图名称。
# 删除视图
删除视图是指删除 MySQL 数据库中已存在的视图。删除视图时，只能删除视图的定义，不会删除数据。

可以使用`DROP VIEW`语句来删除视图。
```sql
DROP VIEW <视图名1> [ , <视图名2> …]
```
其中：<视图名>指定要删除的视图名。`DROP VIEW`语句可以一次删除多个视图，但是必须在每个视图上拥有`DROP`权限。
```sql
mysql> DROP VIEW IF EXISTS v_students_info;
Query OK, 0 rows affected (0.00 sec)
mysql> SHOW CREATE VIEW v_students_info;
ERROR 1146 (42S02): Table 'test_db.v_students_info' doesn't exist
```
