


# SELECT：数据表查询语句
在 MySQL 中，可以使用 SELECT 语句来查询数据。查询数据是指从数据库中根据需求，使用不同的查询方式来获取不同的数据，是使用频率最高、最重要的操作。

SELECT 的语法格式如下：
纯文本复制
SELECT
{* | <字段列名>}
[
FROM <表 1>, <表 2>…
[WHERE <表达式>
[GROUP BY <group by definition>
[HAVING <expression> [{<operator> <expression>}…]]
[ORDER BY <order by definition>]
[LIMIT[<offset>,] <row count>]
]
其中，各条子句的含义如下：
{*|<字段列名>}包含星号通配符的字段列表，表示所要查询字段的名称。
<表 1>，<表 2>…，表 1 和表 2 表示查询数据的来源，可以是单个或多个。
WHERE <表达式>是可选项，如果选择该项，将限定查询数据必须满足该查询条件。
GROUP BY< 字段 >，该子句告诉 MySQL 如何显示查询出来的数据，并按照指定的字段分组。
[ORDER BY< 字段 >]，该子句告诉 MySQL 按什么样的顺序显示查询出来的数据，可以进行的排序有升序（ASC）和降序（DESC），默认情况下是升序。
[LIMIT[<offset>，]<row count>]，该子句告诉 MySQL 每次显示查询出来的数据条数。

下面先介绍一些简单的 SELECT 语句，关于 WHERE、GROUP BY、ORDER BY 和 LIMIT 等限制条件，后面我们会一一讲解。
查询表中所有字段
查询所有字段是指查询表中所有字段的数据。MySQL 提供了以下 2 种方式查询表中的所有字段。
使用“*”通配符查询所有字段
列出表的所有字段
1）使用“*”查询表的所有字段
SELECT 可以使用“*”查找表中所有字段的数据，语法格式如下：
SELECT * FROM 表名;

使用“*”查询时，只能按照数据表中字段的顺序进行排列，不能改变字段的排列顺序。
例 1
从 tb_students_info 表中查询所有字段的数据，SQL 语句和运行结果如下所示。
mysql> use test_db;
Database changed
mysql> SELECT * FROM tb_students_info;
+----+--------+---------+------+------+--------+------------+
| id | name   | dept_id | age  | sex  | height | login_date |
+----+--------+---------+------+------+--------+------------+
|  1 | Dany   |       1 |   25 | F    |    160 | 2015-09-10 |
|  2 | Green  |       3 |   23 | F    |    158 | 2016-10-22 |
|  3 | Henry  |       2 |   23 | M    |    185 | 2015-05-31 |
|  4 | Jane   |       1 |   22 | F    |    162 | 2016-12-20 |
|  5 | Jim    |       1 |   24 | M    |    175 | 2016-01-15 |
|  6 | John   |       2 |   21 | M    |    172 | 2015-11-11 |
|  7 | Lily   |       6 |   22 | F    |    165 | 2016-02-26 |
|  8 | Susan  |       4 |   23 | F    |    170 | 2015-10-01 |
|  9 | Thomas |       3 |   22 | M    |    178 | 2016-06-07 |
| 10 | Tom    |       4 |   23 | M    |    165 | 2016-08-05 |
+----+--------+---------+------+------+--------+------------+
10 rows in set (0.26 sec)
结果显示，使用“*”通配符时，将返回所有列，数据列按照创建表时的顺序显示。
注意：一般情况下，除非需要使用表中所有的字段数据，否则最好不要使用通配符“*”。虽然使用通配符可以节省输入查询语句的时间，但是获取不需要的列数据通常会降低查询和所使用的应用程序的效率。使用“*”的优势是，当不知道所需列的名称时，可以通过“*”获取它们。

2）列出表的所有字段
SELECT 关键字后面的字段名为需要查找的字段，因此可以将表中所有字段的名称跟在 SELECT 关键字后面。如果忘记了字段名称，可以使用 DESC 命令查看表的结构。

有时，由于表的字段比较多，不一定能记得所有字段的名称，因此该方法很不方便，不建议使用。
例 2
查询 tb_students_info 表中的所有数据，SQL 语句还可以书写如下：
SELECT id,name,dept_id,age,sex,height,login_date FROM tb_students_info;
运行结果和例 1 相同。

这种查询方式比较灵活，如果需要改变字段显示的顺序，只需调整 SELECT 关键字后面的字段列表顺序即可。

虽然列出表的所有字段的方式比较灵活，但是查询所有字段时通常使用“*”通配符。使用“*”这种方式比较简单，尤其是表中的字段很多的时候，这种方式的优势更加明显。当然，如果需要改变字段显示的顺序，可以选择列出表的所有字段。
查询表中指定的字段
查询表中的某一个字段的语法格式为：
SELECT < 列名 > FROM < 表名 >;

例 3
查询 tb_students_info 表中 name 列所有学生的姓名，SQL 语句和运行结果如下所示。
mysql> SELECT name FROM tb_students_info;
+--------+
| name   |
+--------+
| Dany   |
| Green  |
| Henry  |
| Jane   |
| Jim    |
| John   |
| Lily   |
| Susan  |
| Thomas |
| Tom    |
+--------+
10 rows in set (0.00 sec)
输出结果显示了 tb_students_info 表中 name 字段下的所有数据。

使用 SELECT 声明可以获取多个字段下的数据，只需要在关键字 SELECT 后面指定要查找的字段名称，不同字段名称之间用逗号“，”分隔开，最后一个字段后面不需要加逗号，语法格式如下：
SELECT <字段名1>,<字段名2>,…,<字段名n> FROM <表名>;

例 4
从 tb_students_info 表中获取 id、name 和 height 三列，SQL 语句和运行结果如下所示。
mysql> SELECT id,name,height
    -> FROM tb_students_info;
+----+--------+--------+
| id | name   | height |
+----+--------+--------+
|  1 | Dany   |    160 |
|  2 | Green  |    158 |
|  3 | Henry  |    185 |
|  4 | Jane   |    162 |
|  5 | Jim    |    175 |
|  6 | John   |    172 |
|  7 | Lily   |    165 |
|  8 | Susan  |    170 |
|  9 | Thomas |    178 |
| 10 | Tom    |    165 |
+----+--------+--------+
10 rows in set (0.00 sec)
输出结果显示了 tb_students_info 表中 id、name 和 height 三个字段下的所有数据。
# 使用DISTINCT过滤重复数据
在 MySQL 中使用 SELECT 语句执行简单的数据查询时，返回的是所有匹配的记录。如果表中的某些字段没有唯一性约束，那么这些字段就可能存在重复值。为了实现查询不重复的数据，MySQL 提供了 DISTINCT 关键字。

DISTINCT 关键字的主要作用就是对数据表中一个或多个字段重复的数据进行过滤，只返回其中的一条数据给用户。

DISTINCT 关键字的语法格式为：
SELECT DISTINCT <字段名> FROM <表名>;

其中，“字段名”为需要消除重复记录的字段名称，多个字段时用逗号隔开。

使用 DISTINCT 关键字时需要注意以下几点：
DISTINCT 关键字只能在 SELECT 语句中使用。
在对一个或多个字段去重时，DISTINCT 关键字必须在所有字段的最前面。
如果 DISTINCT 关键字后有多个字段，则会对多个字段进行组合去重，也就是说，只有多个字段组合起来完全是一样的情况下才会被去重。
例 1
下面通过一个具体的实例来说明如何实现查询不重复数据。

test 数据库中 student 表的表结构和数据如下所示：
mysql> SELECT * FROM test.student;
+----+----------+------+-------+
| id | name     | age  | stuno |
+----+----------+------+-------+
|  1 | zhangsan |   18 |    23 |
|  2 | lisi     |   19 |    24 |
|  3 | wangwu   |   18 |    25 |
|  4 | zhaoliu  |   18 |    26 |
|  5 | zhangsan |   18 |    27 |
|  6 | wangwu   |   20 |    28 |
+----+----------+------+-------+
6 rows in set (0.00 sec)
结果显示，student 表中存在 6 条记录。

下面对 student 表的 age 字段进行去重，SQL 语句和运行结果如下：
mysql> SELECT DISTINCT age FROM student;
+------+
| age  |
+------+
|   18 |
|   19 |
|   20 |
+------+
3 rows in set (0.00 sec)

对 student 表的 name 和 age 字段进行去重，SQL 语句和运行结果如下：
mysql> SELECT DISTINCT name,age FROM student;
+----------+------+
| name     | age  |
+----------+------+
| zhangsan |   18 |
| lisi     |   19 |
| wangwu   |   18 |
| zhaoliu  |   18 |
| wangwu   |   20 |
+----------+------+
5 rows in set (0.00 sec)

对 student 表中的所有字段进行去重，SQL 语句和运行结果如下：
mysql> SELECT DISTINCT * FROM student;
+----+----------+------+-------+
| id | name     | age  | stuno |
+----+----------+------+-------+
|  1 | zhangsan |   18 |    23 |
|  2 | lisi     |   19 |    24 |
|  3 | wangwu   |   18 |    25 |
|  4 | zhaoliu  |   18 |    26 |
|  5 | zhangsan |   18 |    27 |
|  6 | wangwu   |   20 |    28 |
+----+----------+------+-------+
6 rows in set (0.00 sec)

因为 DISTINCT 只能返回它的目标字段，而无法返回其它字段，所以在实际情况中，我们经常使用 DISTINCT 关键字来返回不重复字段的条数。

查询 student 表中对 name 和 age 字段去重之后记录的条数，SQL 语句和运行结果如下：
mysql> SELECT COUNT(DISTINCT name,age) FROM student;
+--------------------------+
| COUNT(DISTINCT name,age) |
+--------------------------+
|                        5 |
+--------------------------+
1 row in set (0.01 sec)
结果显示，student 表中对 name 和 age 字段去重之后有 5 条记录。
# AS：设置别名
为了查询方便，MySQL 提供了 AS 关键字来为表和字段指定别名。本节主要讲解如何为表和字段指定一个别名。
为表指定别名
当表名很长或者执行一些特殊查询的时候，为了方便操作，可以为表指定一个别名，用这个别名代替表原来的名称。

为表指定别名的基本语法格式为：
<表名> [AS] <别名>

其中各子句的含义如下：
<表名>：数据库中存储的数据表的名称。
<别名>：查询时指定的表的新名称。
AS关键字可以省略，省略后需要将表名和别名用空格隔开。

注意：表的别名不能与该数据库的其它表同名。字段的别名不能与该表的其它字段同名。在条件表达式中不能使用字段的别名，否则会出现“ERROR 1054 (42S22): Unknown column”这样的错误提示信息。
例 1
下面为 tb_students_info 表指定别名 stu，SQL 语句和运行结果如下。
mysql> SELECT stu.name,stu.height FROM tb_students_info AS stu;
+--------+--------+
| name   | height |
+--------+--------+
| Dany   |    160 |
| Green  |    158 |
| Henry  |    185 |
| Jane   |    162 |
| Jim    |    175 |
| John   |    172 |
| Lily   |    165 |
| Susan  |    170 |
| Thomas |    178 |
| Tom    |    165 |
+--------+--------+
10 rows in set (0.04 sec)
为字段指定别名
在使用 SELECT 语句查询数据时，MySQL 会显示每个 SELECT 后面指定输出的字段。有时为了显示结果更加直观，我们可以为字段指定一个别名。

为字段指定别名的基本语法格式为：
<字段名> [AS] <别名>

其中，各子句的语法含义如下：
<字段名>：为数据表中字段定义的名称。
<字段别名>：字段新的名称。
AS关键字可以省略，省略后需要将字段名和别名用空格隔开。
例 2
查询 tb_students_info 表，为 name 指定别名 student_name，为 age 指定别名 student_age，SQL 语句和运行结果如下。
mysql> SELECT name AS student_name, age AS student_age FROM tb_students_info;
+--------------+-------------+
| student_name | student_age |
+--------------+-------------+
| Dany         |          25 |
| Green        |          23 |
| Henry        |          23 |
| Jane         |          22 |
| Jim          |          24 |
| John         |          21 |
| Lily         |          22 |
| Susan        |          23 |
| Thomas       |          22 |
| Tom          |          23 |
+--------------+-------------+
10 rows in set (0.00 sec)
注意：表别名只在执行查询时使用，并不在返回结果中显示。而字段定义别名之后，会返回给客户端显示，显示的字段为字段的别名。
# LIMIT：限制查询结果的条数
当数据表中有上万条数据时，一次性查询出表中的全部数据会降低数据返回的速度，同时给数据库服务器造成很大的压力。这时就可以用 LIMIT 关键字来限制查询结果返回的条数。

LIMIT 是 MySQL 中的一个特殊关键字，用于指定查询结果从哪条记录开始显示，一共显示多少条记录。

LIMIT 关键字有 3 种使用方式，即指定初始位置、不指定初始位置以及与 OFFSET 组合使用。
指定初始位置
LIMIT 关键字可以指定查询结果从哪条记录开始显示，显示多少条记录。

LIMIT 指定初始位置的基本语法格式如下：
LIMIT 初始位置，记录数

其中，“初始位置”表示从哪条记录开始显示；“记录数”表示显示记录的条数。第一条记录的位置是 0，第二条记录的位置是 1。后面的记录依次类推。

注意：LIMIT 后的两个参数必须都是正整数。
例 1
在 tb_students_info 表中，使用 LIMIT 子句返回从第 4 条记录开始的行数为 5 的记录，SQL 语句和运行结果如下。
mysql> SELECT * FROM tb_students_info LIMIT 3,5;
+----+-------+---------+------+------+--------+------------+
| id | name  | dept_id | age  | sex  | height | login_date |
+----+-------+---------+------+------+--------+------------+
|  4 | Jane  |       1 |   22 | F    |    162 | 2016-12-20 |
|  5 | Jim   |       1 |   24 | M    |    175 | 2016-01-15 |
|  6 | John  |       2 |   21 | M    |    172 | 2015-11-11 |
|  7 | Lily  |       6 |   22 | F    |    165 | 2016-02-26 |
|  8 | Susan |       4 |   23 | F    |    170 | 2015-10-01 |
+----+-------+---------+------+------+--------+------------+
5 rows in set (0.00 sec)
由结果可以看到，该语句返回的是从第 4 条记录开始的之后的 5 条记录。LIMIT 关键字后的第一个数字“3”表示从第 4 行开始（记录的位置从 0 开始，第 4 行的位置为 3），第二个数字 5 表示返回的行数。
不指定初始位置
LIMIT 关键字不指定初始位置时，记录从第一条记录开始显示。显示记录的条数由 LIMIT 关键字指定。

LIMIT 不指定初始位置的基本语法格式如下：
LIMIT 记录数

其中，“记录数”表示显示记录的条数。如果“记录数”的值小于查询结果的总数，则会从第一条记录开始，显示指定条数的记录。如果“记录数”的值大于查询结果的总数，则会直接显示查询出来的所有记录。
例 2
显示 tb_students_info 表查询结果的前 4 行，SQL 语句和运行结果如下。
mysql> SELECT * FROM tb_students_info LIMIT 4;
+----+-------+---------+------+------+--------+------------+
| id | name  | dept_id | age  | sex  | height | login_date |
+----+-------+---------+------+------+--------+------------+
|  1 | Dany  |       1 |   25 | F    |    160 | 2015-09-10 |
|  2 | Green |       3 |   23 | F    |    158 | 2016-10-22 |
|  3 | Henry |       2 |   23 | M    |    185 | 2015-05-31 |
|  4 | Jane  |       1 |   22 | F    |    162 | 2016-12-20 |
+----+-------+---------+------+------+--------+------------+
4 rows in set (0.00 sec)
结果中只显示了 4 条记录，说明“LIMIT 4”限制了显示条数为 4。
例 3
显示 tb_students_info 表查询结果的前 15 行，SQL 语句和运行结果如下。
mysql> SELECT * FROM tb_students_info LIMIT 15;
+----+--------+---------+------+------+--------+------------+
| id | name   | dept_id | age  | sex  | height | login_date |
+----+--------+---------+------+------+--------+------------+
|  1 | Dany   |       1 |   25 | F    |    160 | 2015-09-10 |
|  2 | Green  |       3 |   23 | F    |    158 | 2016-10-22 |
|  3 | Henry  |       2 |   23 | M    |    185 | 2015-05-31 |
|  4 | Jane   |       1 |   22 | F    |    162 | 2016-12-20 |
|  5 | Jim    |       1 |   24 | M    |    175 | 2016-01-15 |
|  6 | John   |       2 |   21 | M    |    172 | 2015-11-11 |
|  7 | Lily   |       6 |   22 | F    |    165 | 2016-02-26 |
|  8 | Susan  |       4 |   23 | F    |    170 | 2015-10-01 |
|  9 | Thomas |       3 |   22 | M    |    178 | 2016-06-07 |
| 10 | Tom    |       4 |   23 | M    |    165 | 2016-08-05 |
+----+--------+---------+------+------+--------+------------+
10 rows in set (0.26 sec)
结果中只显示了 10 条记录。虽然 LIMIT 关键字指定了显示 15 条记录，但是查询结果中只有 10 条记录。因此，数据库系统就将这 10 条记录全部显示出来。

带一个参数的 LIMIT 指定从查询结果的首行开始，唯一的参数表示返回的行数，即“LIMIT n”与“LIMIT 0，n”返回结果相同。带两个参数的 LIMIT 可返回从任何位置开始指定行数的数据。
LIMIT和OFFSET组合使用
LIMIT 可以和 OFFSET 组合使用，语法格式如下：
LIMIT 记录数 OFFSET 初始位置

参数和 LIMIT 语法中参数含义相同，“初始位置”指定从哪条记录开始显示；“记录数”表示显示记录的条数。
例 4
在 tb_students_info 表中，使用 LIMIT OFFSET 返回从第 4 条记录开始的行数为 5 的记录，SQL 语句和运行结果如下。
mysql> SELECT * FROM tb_students_info LIMIT 5 OFFSET 3;
+----+-------+---------+------+------+--------+------------+
| id | name  | dept_id | age  | sex  | height | login_date |
+----+-------+---------+------+------+--------+------------+
|  4 | Jane  |       1 |   22 | F    |    162 | 2016-12-20 |
|  5 | Jim   |       1 |   24 | M    |    175 | 2016-01-15 |
|  6 | John  |       2 |   21 | M    |    172 | 2015-11-11 |
|  7 | Lily  |       6 |   22 | F    |    165 | 2016-02-26 |
|  8 | Susan |       4 |   23 | F    |    170 | 2015-10-01 |
+----+-------+---------+------+------+--------+------------+
5 rows in set (0.00 sec)
由结果可以看到，该语句返回的是从第 4 条记录开始的之后的 5 条记录。即“LIMIT 5 OFFSET 3”意思是获取从第 4 条记录开始的后面的 5 条记录，和“LIMIT 3，5”返回的结果相同。
# ORDER BY：对查询结果排序
通过条件查询语句可以查询到符合用户需求的数据，但是查询到的数据一般都是按照数据最初被添加到表中的顺序来显示。为了使查询结果的顺序满足用户的要求，MySQL 提供了 ORDER BY 关键字来对查询结果进行排序。

ORDER BY 关键字主要用来将查询结果中的数据按照一定的顺序进行排序。其语法格式如下：
```
ORDER BY <字段名> [ASC|DESC]
```
语法说明如下。
* 字段名：表示需要排序的字段名称，多个字段时用逗号隔开。
* ASC|DESC：ASC表示字段按升序排序；DESC表示字段按降序排序。其中ASC为默认值。

使用 ORDER BY 关键字应该注意以下几个方面：
* ORDER BY 关键字后可以跟子查询（关于子查询后面教程会详细讲解，这里了解即可）。
* 当排序的字段中存在空值时，ORDER BY 会将该空值作为最小值来对待。
* ORDER BY 指定多个字段进行排序时，MySQL 会按照字段的顺序从左到右依次进行排序。

## 单字段排序
```
mysql> SELECT * FROM tb_students_info ORDER BY height;
+----+--------+---------+------+------+--------+------------+
| id | name   | dept_id | age  | sex  | height | login_date |
+----+--------+---------+------+------+--------+------------+
|  2 | Green  |       3 |   23 | F    |    158 | 2016-10-22 |
|  1 | Dany   |       1 |   25 | F    |    160 | 2015-09-10 |
|  4 | Jane   |       1 |   22 | F    |    162 | 2016-12-20 |
|  7 | Lily   |       6 |   22 | F    |    165 | 2016-02-26 |
| 10 | Tom    |       4 |   23 | M    |    165 | 2016-08-05 |
|  8 | Susan  |       4 |   23 | F    |    170 | 2015-10-01 |
|  6 | John   |       2 |   21 | M    |    172 | 2015-11-11 |
|  5 | Jim    |       1 |   24 | M    |    175 | 2016-01-15 |
|  9 | Thomas |       3 |   22 | M    |    178 | 2016-06-07 |
|  3 | Henry  |       2 |   23 | M    |    185 | 2015-05-31 |
+----+--------+---------+------+------+--------+------------+
10 rows in set (0.08 sec)
```
由结果可以看到，MySQL 对查询的`height`字段的数据按数值的大小进行了升序排序。
## 多字段排序
```
mysql> SELECT name,height FROM tb_students_info ORDER BY height,name;
+--------+--------+
| name   | height |
+--------+--------+
| Green  |    158 |
| Dany   |    160 |
| Jane   |    162 |
| Lily   |    165 |
| Tom    |    165 |
| Susan  |    170 |
| John   |    172 |
| Jim    |    175 |
| Thomas |    178 |
| Henry  |    185 |
+--------+--------+
10 rows in set (0.09 sec)
```
注意：在对多个字段进行排序时，排序的第一个字段必须有相同的值，才会对第二个字段进行排序。如果第一个字段数据中所有的值都是唯一的，MySQL 将不再对第二个字段进行排序。

默认情况下，查询数据按字母升序进行排序（A～Z），但数据的排序并不仅限于此，还可以使用 ORDER BY 中的 DESC 对查询结果进行降序排序（Z～A）。
```
mysql> SELECT name,height FROM tb_student_info ORDER BY height DESC,name ASC;
+--------+--------+
| name   | height |
+--------+--------+
| Henry  |    185 |
| Thomas |    178 |
| Jim    |    175 |
| John   |    172 |
| Susan  |    170 |
| Lily   |    165 |
| Tom    |    165 |
| Jane   |    162 |
| Dany   |    160 |
| Green  |    158 |
+--------+--------+
10 rows in set (0.00 sec)
```
`DESC`关键字只对前面的列进行降序排列，在这里只对`height`字段进行降序。因此，`height`按降序排序，而`name`仍按升序排序。如果想在多个列上进行降序排序，必须对每个列指定`DESC`关键字。
